{
    "markers_world_coordinates": {
        "x": [
            0.0,
            0.0,
            4.999,
            4.999
        ],
        "y": [
            0.0,
            12.0,
            0.0,
            12.0
        ],
        "z": [
            100.0,
            100.0,
            99.9,
            99.9
        ]
    },
    "profile": {
        "x": [
            -0.002,
            -0.006,
            -0.014,
            -0.02,
            -0.024,
            -0.028,
            -0.026
        ],
        "y": [
            0.0,
            2.0,
            4.0,
            6.0,
            8.0,
            10.0,
            12.0
        ],
        "z": [
            99.9,
            99.7,
            99.3,
            99.0,
            98.8,
            98.6,
            98.7
        ]
    },
    "shoreline": {
        "x": [
            -0.019996001199595215,
            4.981003898820399,
            9.982003798840395
        ],
        "y": [
            12.0,
            12.0,
            12.0
        ],
        "z": [
            98.999920023992,
            98.99992002399202,
            98.99992002399206
        ]
    }
}